scenario_id,scenario_type,package_id,asset_id,device_type,process_unit,attack_description,mitre_tactic,mitre_technique,risk_score,risk_level,risk_factors,recommendation,deployment_allowed,human_approval_required,real_action_executed
SC-001,hash_mismatch,PKG-001,ASSET-001,PLC,Crude Distillation Unit,Tampered firmware package was supplied to the refinery,Impact,Data Manipulation,40,high_risk,hash_integrity_failure,quarantine_review,False,True,False
SC-002,hash_mismatch,PKG-002,ASSET-003,DCS Controller,Crude Distillation Unit,Tampered DCS firmware package was supplied to the refinery,Impact,Data Manipulation,40,high_risk,hash_integrity_failure,quarantine_review,False,True,False
SC-003,invalid_signature,PKG-003,ASSET-004,SIS Controller,Safety Instrumented System,Invalid firmware signature was detected,Defense Evasion,Impair Defenses,50,high_risk,signature_failure; trusted_root_failure,quarantine_review,False,True,False
SC-004,vulnerable_component,PKG-004,ASSET-005,OPC Gateway,Pump and Compressor Area,Vulnerable component exists in firmware,Initial Access,Exploitation for Client Execution,20,investigate,vulnerable_component,investigate,False,True,False
SC-005,rollback,PKG-001,ASSET-001,PLC,Crude Distillation Unit,Unauthorized downgrade to an older firmware version,Defense Evasion,Impair Defenses,40,high_risk,unauthorized_rollback,quarantine_review,False,True,False
SC-006,missing_sbom,PKG-002,ASSET-003,DCS Controller,Crude Distillation Unit,Required software composition evidence is missing,Defense Evasion,Obfuscated Files or Information,15,investigate,missing_sbom,investigate,False,True,False
SC-007,unexpected_component,PKG-004,ASSET-005,OPC Gateway,Pump and Compressor Area,Unexpected component was introduced into firmware,Persistence,Modify System Image,20,investigate,unexpected_component,investigate,False,True,False
SC-008,untrusted_vendor,PKG-005,ASSET-006,RTU,Tank Farm,Firmware originated from an untrusted vendor,Initial Access,Supply Chain Compromise,40,high_risk,untrusted_vendor,quarantine_review,False,True,False
SC-009,rollback,PKG-005,ASSET-006,RTU,Tank Farm,Unauthorized rollback of Tank Farm RTU firmware,Defense Evasion,Impair Defenses,40,high_risk,unauthorized_rollback,quarantine_review,False,True,False
SC-010,stale_evidence,PKG-005,ASSET-006,RTU,Tank Farm,Security evidence is outdated and requires review,Defense Evasion,Impair Defenses,10,investigate,stale_evidence,investigate,False,True,False
